EmployeeID,FirstName,LastName,Email,DOJ,Salary,PhoneNumbers
1,Daniel,Williams,daniel.williams1@company.com,2022-05-22,8659,+1-905-600-8350;+1-991-335-4757;+1-689-774-8042
2,Emily,Williams,emily.williams2@company.com,2019-12-29,6258,+1-881-320-5071;+1-547-345-1588
3,David,Davis,david.davis3@company.com,2020-12-03,9686,+1-874-758-8779;+1-208-982-8926
4,Alex,Miller,alex.miller4@sample.com,2020-02-17,5380,+1-677-950-3001
5,Michael,Rodriguez,michael.rodriguez5@company.com,2018-12-25,5317,+1-261-681-9973;+1-825-223-6538;+1-954-830-2186
6,David,Rodriguez,david.rodriguez6@example.com,2016-07-30,5377,+1-288-985-8266
7,Michael,Smith,michael.smith7@sample.com,2016-02-28,4058,+1-815-548-9428;+1-525-841-9229;+1-642-471-1783
8,Michael,Garcia,michael.garcia8@test.com,2017-08-23,7845,+1-844-251-9013
9,David,Garcia,david.garcia9@company.com,2015-12-05,3718,+1-760-694-4974;+1-657-613-8921
10,Jane,Garcia,jane.garcia10@company.com,2018-03-14,4927,+1-877-522-7298
11,Sara,Brown,sara.brown11@company.com,2022-06-01,9225,+1-776-663-8341;+1-492-632-1619
12,Alex,Rodriguez,alex.rodriguez12@test.com,2018-03-29,3380,+1-360-443-3516;+1-327-979-5986;+1-582-432-8248
13,Jane,Jones,jane.jones13@sample.com,2016-10-31,6613,+1-461-662-2975
14,David,Brown,david.brown14@example.com,2016-07-30,3637,+1-954-677-3607;+1-816-778-5860
15,Emily,Johnson,emily.johnson15@sample.com,2017-12-24,5070,+1-837-832-5971;+1-279-238-7442
16,John,Garcia,john.garcia16@company.com,2018-07-13,5021,+1-733-770-4761
17,Sara,Smith,sara.smith17@sample.com,2017-05-29,4769,+1-471-733-2490;+1-664-465-9828;+1-471-675-5493
18,Linda,Smith,linda.smith18@company.com,2023-05-29,8214,+1-532-314-4769;+1-268-693-7325
19,Michael,Garcia,michael.garcia19@example.com,2020-08-20,6511,+1-247-201-7971;+1-712-409-3776;+1-667-374-6726
20,Michael,Johnson,michael.johnson20@example.com,2021-03-20,3761,+1-306-263-3986
21,David,Williams,david.williams21@sample.com,2020-09-24,9420,+1-588-474-4554
22,Sara,Williams,sara.williams22@sample.com,2015-05-17,4334,+1-803-448-4886;+1-724-570-4669
23,David,Smith,david.smith23@example.com,2024-10-20,9804,+1-793-376-7839;+1-576-231-1251;+1-364-650-8287
24,Alex,Johnson,alex.johnson24@test.com,2022-02-26,4617,+1-659-814-7128;+1-615-857-5789;+1-846-244-1412
25,Sara,Miller,sara.miller25@company.com,2023-01-26,9695,+1-702-697-9914;+1-221-351-6931;+1-200-361-9338
26,Linda,Johnson,linda.johnson26@sample.com,2024-12-13,9929,+1-553-715-5638;+1-253-601-9344
27,John,Smith,john.smith27@company.com,2024-10-28,9975,+1-705-512-6001;+1-348-426-5418
28,Michael,Wilson,michael.wilson28@example.com,2023-07-28,5560,+1-819-669-2563;+1-961-457-3221;+1-953-916-7060
29,Jane,Miller,jane.miller29@test.com,2017-09-11,7759,+1-861-548-4853;+1-886-986-2158;+1-682-525-9634
30,Alex,Jones,alex.jones30@company.com,2016-01-04,7495,+1-424-437-3321;+1-985-351-4062
31,John,Jones,john.jones31@company.com,2024-09-29,3047,+1-993-309-4363;+1-768-354-1304
32,Jane,Davis,jane.davis32@example.com,2020-08-10,7913,+1-653-795-3603;+1-500-294-9869
33,Linda,Miller,linda.miller33@sample.com,2019-09-02,6654,+1-985-603-1679;+1-774-543-7255
34,John,Davis,john.davis34@example.com,2019-03-29,7323,+1-865-943-9519
35,Daniel,Johnson,daniel.johnson35@test.com,2016-09-15,4873,+1-410-232-4624;+1-788-233-9568;+1-429-817-4414
36,Jane,Garcia,jane.garcia36@sample.com,2023-01-27,6416,+1-562-746-7816
37,Emily,Williams,emily.williams37@sample.com,2016-07-29,5160,+1-331-665-8353;+1-457-269-8044
38,Jane,Brown,jane.brown38@example.com,2018-12-11,4743,+1-238-688-3981;+1-213-361-1769
39,Jane,Williams,jane.williams39@sample.com,2023-06-20,7244,+1-373-590-8638
40,David,Rodriguez,david.rodriguez40@company.com,2016-09-29,7426,+1-404-656-9750;+1-359-935-2678
41,Jane,Williams,jane.williams41@sample.com,2018-02-14,9302,+1-829-512-6607
42,Emily,Davis,emily.davis42@example.com,2021-06-18,9788,+1-971-777-5875;+1-984-284-4751;+1-518-209-7996
43,Alex,Miller,alex.miller43@sample.com,2019-11-18,6356,+1-510-350-4813;+1-232-306-6539
44,Linda,Smith,linda.smith44@example.com,2018-06-15,4180,+1-712-737-1450;+1-228-679-7261
45,Alex,Wilson,alex.wilson45@company.com,2020-10-30,4537,+1-450-355-7893;+1-356-903-8602
46,Michael,Miller,michael.miller46@test.com,2022-02-20,7788,+1-987-398-4294;+1-364-653-6550
47,Jane,Williams,jane.williams47@example.com,2021-05-22,5231,+1-921-854-4403;+1-697-499-5178;+1-817-757-2272
48,Jane,Brown,jane.brown48@example.com,2018-09-01,7248,+1-354-230-2374
49,David,Jones,david.jones49@test.com,2020-02-13,3754,+1-662-500-9644;+1-783-958-8891;+1-845-735-4441
50,Michael,Miller,michael.miller50@sample.com,2020-04-30,6411,+1-249-571-2815
51,David,Miller,david.miller51@sample.com,2023-02-09,4139,+1-280-257-6054
52,Linda,Garcia,linda.garcia52@example.com,2018-08-04,6202,+1-853-993-1377
53,Sophia,Johnson,sophia.johnson53@test.com,2019-05-08,4628,+1-662-332-1527;+1-353-886-1103;+1-527-440-6255
54,Michael,Jones,michael.jones54@sample.com,2022-01-29,7817,+1-499-249-3630
55,John,Rodriguez,john.rodriguez55@test.com,2020-10-02,7010,+1-466-920-3239
56,Sophia,Wilson,sophia.wilson56@example.com,2018-06-13,3672,+1-426-454-7618;+1-377-703-1957;+1-947-841-6657
57,John,Brown,john.brown57@example.com,2019-05-22,9411,+1-788-780-6739;+1-603-296-3626;+1-847-339-6364
58,Emily,Brown,emily.brown58@company.com,2021-02-14,7613,+1-770-610-2567;+1-806-296-4668
59,David,Wilson,david.wilson59@company.com,2016-11-23,5108,+1-367-555-1821;+1-975-308-6961;+1-656-873-3956
60,John,Rodriguez,john.rodriguez60@example.com,2022-08-19,9228,+1-768-493-5310;+1-897-577-7586
61,Michael,Davis,michael.davis61@example.com,2023-05-08,5102,+1-739-496-7854;+1-404-824-1477;+1-934-928-6605
62,Alex,Garcia,alex.garcia62@sample.com,2023-12-11,9258,+1-592-589-8603
63,Michael,Wilson,michael.wilson63@sample.com,2024-08-31,6609,+1-395-588-3116;+1-472-289-7628;+1-350-879-3428
64,John,Brown,john.brown64@sample.com,2017-08-15,3975,+1-458-347-9758;+1-771-428-4575;+1-722-779-1606
65,Jane,Jones,jane.jones65@company.com,2016-01-06,7099,+1-585-621-1932
66,Michael,Wilson,michael.wilson66@test.com,2016-04-10,8572,+1-499-579-8999;+1-255-332-2415
67,John,Wilson,john.wilson67@test.com,2015-09-23,5445,+1-338-281-3279;+1-778-355-3191;+1-338-531-3873
68,Daniel,Williams,daniel.williams68@company.com,2018-08-29,3782,+1-398-832-4924;+1-836-388-9142;+1-696-527-4447
69,Linda,Rodriguez,linda.rodriguez69@company.com,2023-05-18,3525,+1-766-211-7691
70,David,Garcia,david.garcia70@test.com,2023-10-15,4825,+1-655-413-3005
71,Sara,Miller,sara.miller71@test.com,2021-09-03,4526,+1-272-742-4837;+1-866-742-3276;+1-331-993-3586
72,Jane,Johnson,jane.johnson72@sample.com,2021-10-25,6802,+1-672-432-7882
73,Alex,Garcia,alex.garcia73@example.com,2016-10-19,4627,+1-834-727-4718;+1-878-697-5415
74,Emily,Smith,emily.smith74@example.com,2021-07-19,9201,+1-642-243-6348;+1-604-399-8408;+1-828-347-8454
75,Emily,Rodriguez,emily.rodriguez75@company.com,2019-08-22,9590,+1-760-851-6796
76,David,Miller,david.miller76@test.com,2020-04-04,8022,+1-241-231-7862
77,Alex,Brown,alex.brown77@example.com,2024-04-27,4616,+1-958-333-8364;+1-424-488-8711
78,Sara,Rodriguez,sara.rodriguez78@company.com,2020-01-20,9125,+1-821-930-7113;+1-768-251-9957
79,Michael,Miller,michael.miller79@example.com,2024-11-13,9243,+1-626-755-2976;+1-557-529-6378;+1-645-527-3467
80,Michael,Smith,michael.smith80@sample.com,2019-06-15,6733,+1-470-718-5848
81,David,Wilson,david.wilson81@test.com,2018-03-05,6046,+1-905-597-1551
82,Daniel,Jones,daniel.jones82@company.com,2016-02-28,4563,+1-916-575-4305;+1-278-933-3854
83,Jane,Miller,jane.miller83@sample.com,2017-07-14,8656,+1-338-400-2873;+1-378-754-4805
84,Emily,Jones,emily.jones84@example.com,2018-07-27,9841,+1-677-511-8158;+1-654-910-3106
85,David,Miller,david.miller85@test.com,2019-07-06,5072,+1-827-529-4321;+1-580-819-9793;+1-271-816-7235
86,Michael,Davis,michael.davis86@example.com,2019-08-24,6467,+1-905-251-2590;+1-409-595-9991
87,Sara,Miller,sara.miller87@sample.com,2015-05-29,7406,+1-521-927-7359;+1-637-381-5102
88,Sophia,Davis,sophia.davis88@sample.com,2024-10-29,6270,+1-885-868-9754;+1-370-331-1530;+1-398-325-8073
89,Alex,Davis,alex.davis89@example.com,2020-12-24,4237,+1-956-579-7728
90,Daniel,Wilson,daniel.wilson90@test.com,2017-04-20,5940,+1-896-661-4323;+1-259-940-1166;+1-991-980-3390
91,Linda,Jones,linda.jones91@test.com,2023-04-13,8181,+1-882-240-6912;+1-606-827-5730
92,Sophia,Miller,sophia.miller92@company.com,2024-09-23,5536,+1-484-721-1011
93,John,Jones,john.jones93@test.com,2022-03-28,4100,+1-709-768-5629;+1-200-659-5907
94,Sara,Jones,sara.jones94@company.com,2016-08-06,9164,+1-994-821-4585
95,Sophia,Smith,sophia.smith95@company.com,2023-11-29,6556,+1-939-970-2749;+1-287-256-5292;+1-957-523-9652
96,Michael,Garcia,michael.garcia96@test.com,2022-09-27,6644,+1-351-303-5434;+1-910-859-4958
97,Daniel,Smith,daniel.smith97@example.com,2015-02-11,3719,+1-796-896-7944
98,Sophia,Johnson,sophia.johnson98@sample.com,2019-10-15,7367,+1-567-719-7905;+1-947-438-1078
99,Emily,Rodriguez,emily.rodriguez99@sample.com,2016-08-24,7363,+1-208-839-2135;+1-729-545-3853
100,David,Wilson,david.wilson100@test.com,2020-05-01,7792,+1-686-249-3467;+1-718-892-9800
101,David,Williams,david.williams101@test.com,2021-02-25,7327,+1-631-768-2355;+1-521-916-4575
102,Emily,Miller,emily.miller102@test.com,2017-09-05,8996,+1-404-781-9979;+1-287-886-3833;+1-557-397-1566
103,John,Garcia,john.garcia103@test.com,2022-03-23,8216,+1-928-213-6995;+1-714-419-8851
104,Alex,Johnson,alex.johnson104@company.com,2018-10-27,6807,+1-352-789-6563;+1-767-561-1580;+1-939-339-9354
105,Daniel,Smith,daniel.smith105@test.com,2022-05-31,7056,+1-488-211-3125;+1-684-208-2480
106,John,Wilson,john.wilson106@sample.com,2020-11-05,3835,+1-344-242-7111
107,Daniel,Miller,daniel.miller107@test.com,2020-10-15,3629,+1-857-980-8508;+1-821-796-6449
108,Michael,Wilson,michael.wilson108@company.com,2023-05-18,3512,+1-388-770-2393;+1-281-690-7897
109,John,Williams,john.williams109@company.com,2018-04-23,6449,+1-785-458-4081;+1-502-501-3450;+1-429-343-5268
110,Emily,Garcia,emily.garcia110@sample.com,2015-11-11,4487,+1-972-930-3870
111,Michael,Williams,michael.williams111@sample.com,2023-06-07,5941,+1-468-621-2722;+1-367-228-9014;+1-409-279-7109
112,David,Brown,david.brown112@company.com,2015-10-21,9372,+1-355-707-8432;+1-932-625-1132;+1-353-405-4823
113,Alex,Wilson,alex.wilson113@sample.com,2024-07-05,7979,+1-404-825-4626;+1-851-408-6170;+1-306-489-8154
114,David,Jones,david.jones114@example.com,2019-05-21,6998,+1-835-856-8780;+1-916-735-7390
115,Linda,Wilson,linda.wilson115@sample.com,2016-01-20,5868,+1-854-408-5214;+1-984-587-5485;+1-963-551-3615
116,John,Johnson,john.johnson116@example.com,2022-05-12,8609,+1-780-777-3341
117,David,Johnson,david.johnson117@company.com,2022-05-06,4704,+1-845-675-2067;+1-776-714-1305
118,Sara,Brown,sara.brown118@example.com,2021-06-28,5875,+1-305-730-1450;+1-595-290-5149;+1-358-848-9656
119,Jane,Wilson,jane.wilson119@company.com,2018-01-12,4309,+1-467-493-9520
120,Linda,Rodriguez,linda.rodriguez120@sample.com,2022-09-28,4508,+1-757-662-5709
121,John,Jones,john.jones121@example.com,2022-10-07,8849,+1-522-523-8844;+1-228-650-5017;+1-260-698-6913
122,Emily,Johnson,emily.johnson122@sample.com,2022-12-31,4074,+1-390-558-8808;+1-395-652-2813
123,Alex,Garcia,alex.garcia123@example.com,2020-05-17,9396,+1-860-953-9390;+1-941-409-3284
124,Sara,Wilson,sara.wilson124@test.com,2024-12-10,9961,+1-523-722-1664;+1-322-498-6917;+1-220-716-1404
125,David,Johnson,david.johnson125@company.com,2017-11-10,5203,+1-574-758-8080;+1-459-550-6418;+1-509-848-3023
126,Sophia,Smith,sophia.smith126@sample.com,2017-05-21,5155,+1-976-357-4695;+1-713-926-6791;+1-953-495-6740
127,Michael,Johnson,michael.johnson127@test.com,2024-06-22,8946,+1-711-959-1508;+1-525-391-5737
128,Linda,Davis,linda.davis128@sample.com,2024-04-30,5402,+1-218-963-6567;+1-736-506-8563;+1-859-430-7416
129,Sara,Smith,sara.smith129@company.com,2016-09-11,4781,+1-454-928-6923;+1-873-916-5268;+1-628-596-1083
130,Daniel,Wilson,daniel.wilson130@test.com,2022-09-20,8437,+1-504-501-8286;+1-868-664-7256
131,Daniel,Miller,daniel.miller131@sample.com,2018-02-14,7937,+1-717-295-7477
132,Michael,Garcia,michael.garcia132@company.com,2022-02-08,4665,+1-917-415-5118
133,Jane,Wilson,jane.wilson133@example.com,2015-10-18,3620,+1-577-292-9823;+1-204-611-7301;+1-956-605-3105
134,Alex,Smith,alex.smith134@company.com,2021-07-22,4454,+1-890-453-6177;+1-358-229-6630;+1-964-361-5281
135,David,Miller,david.miller135@sample.com,2022-09-16,6548,+1-287-832-6662
136,Emily,Miller,emily.miller136@test.com,2015-11-06,9968,+1-253-376-3363;+1-541-776-8734
137,Emily,Williams,emily.williams137@company.com,2016-08-09,4985,+1-630-694-5098
138,Sara,Miller,sara.miller138@sample.com,2016-08-16,7641,+1-335-496-7848;+1-958-567-9120;+1-233-738-4775
139,John,Smith,john.smith139@test.com,2020-04-24,6932,+1-774-844-1171;+1-979-808-4041
140,John,Johnson,john.johnson140@example.com,2016-08-22,4984,+1-591-428-6515;+1-252-880-2919
141,John,Brown,john.brown141@test.com,2023-01-02,3887,+1-427-327-5591;+1-762-320-9195
142,Sara,Williams,sara.williams142@example.com,2015-02-11,7318,+1-511-777-8153
143,Emily,Williams,emily.williams143@example.com,2019-06-13,3240,+1-822-850-1534;+1-456-669-3482;+1-455-619-6746
144,John,Wilson,john.wilson144@company.com,2019-08-25,8910,+1-536-439-4699;+1-424-795-9237;+1-483-649-8769
145,Daniel,Davis,daniel.davis145@example.com,2015-06-28,5498,+1-705-998-6495
146,David,Miller,david.miller146@company.com,2016-09-22,5127,+1-227-871-8843;+1-248-941-7342;+1-573-573-7645
147,Alex,Williams,alex.williams147@company.com,2023-01-08,5284,+1-426-225-7439;+1-650-297-7881;+1-750-481-5666
148,Alex,Miller,alex.miller148@example.com,2021-12-02,9908,+1-963-331-1783;+1-390-529-5008;+1-236-340-9071
149,Jane,Garcia,jane.garcia149@test.com,2024-01-17,7074,+1-754-218-8294
150,John,Jones,john.jones150@company.com,2017-09-18,5491,+1-534-512-7276;+1-898-469-8368;+1-867-936-2087
151,Michael,Davis,michael.davis151@sample.com,2017-03-28,4332,+1-353-315-6768;+1-505-335-3605;+1-398-721-5207
152,Sara,Brown,sara.brown152@test.com,2022-10-20,7924,+1-596-314-8075;+1-815-205-2066;+1-582-904-2897
153,Michael,Brown,michael.brown153@company.com,2015-11-14,7535,+1-567-423-3878
154,Daniel,Brown,daniel.brown154@company.com,2024-04-21,6184,+1-967-235-8169;+1-224-880-6885
155,Emily,Smith,emily.smith155@example.com,2021-03-18,4308,+1-426-755-4914;+1-462-852-2690
156,Jane,Brown,jane.brown156@test.com,2022-06-06,8994,+1-889-777-4660;+1-940-562-7900;+1-992-653-2251
157,John,Davis,john.davis157@test.com,2021-06-03,3746,+1-251-619-5382;+1-705-847-3516;+1-389-819-3370
158,Jane,Johnson,jane.johnson158@company.com,2022-01-16,5947,+1-260-551-4203;+1-369-413-2611
159,Daniel,Miller,daniel.miller159@test.com,2019-12-03,7987,+1-379-555-3255
160,Jane,Williams,jane.williams160@example.com,2015-03-07,8373,+1-995-588-2035
161,Alex,Smith,alex.smith161@example.com,2018-05-23,4248,+1-219-726-4074;+1-205-320-8886;+1-515-483-6434
162,Jane,Jones,jane.jones162@company.com,2021-06-05,6431,+1-404-403-3280;+1-347-826-1421;+1-264-347-8309
163,Sophia,Smith,sophia.smith163@sample.com,2016-06-09,7041,+1-812-938-3583;+1-495-778-3628;+1-379-892-8409
164,David,Miller,david.miller164@test.com,2021-03-07,9151,+1-469-541-8229;+1-752-748-4102;+1-623-852-9907
165,Jane,Brown,jane.brown165@test.com,2020-10-20,5891,+1-311-445-3257
166,Linda,Brown,linda.brown166@example.com,2017-11-04,5429,+1-523-500-5027
167,Daniel,Jones,daniel.jones167@test.com,2022-04-06,8358,+1-629-616-4768;+1-367-985-1329;+1-278-383-4282
168,Sophia,Garcia,sophia.garcia168@test.com,2015-12-09,6881,+1-517-505-2278
169,Daniel,Miller,daniel.miller169@company.com,2024-04-26,9335,+1-517-487-3417;+1-636-539-8481;+1-775-758-5553
170,Sophia,Garcia,sophia.garcia170@test.com,2018-09-05,6355,+1-453-466-7930;+1-329-730-9281
171,Daniel,Miller,daniel.miller171@example.com,2022-05-12,3183,+1-202-689-9676
172,Sophia,Smith,sophia.smith172@test.com,2022-10-09,4262,+1-878-306-6541;+1-758-291-9043;+1-473-547-8902
173,Emily,Williams,emily.williams173@sample.com,2020-03-10,4036,+1-421-533-7075;+1-996-348-8369;+1-257-840-6856
174,Daniel,Jones,daniel.jones174@sample.com,2024-04-22,4295,+1-246-798-6360;+1-589-254-6689
175,Linda,Jones,linda.jones175@sample.com,2016-01-27,4120,+1-784-752-6138
176,John,Miller,john.miller176@test.com,2021-06-13,7463,+1-531-411-4878;+1-336-490-5568;+1-369-392-3828
177,Jane,Garcia,jane.garcia177@company.com,2016-12-23,5303,+1-691-500-7520;+1-939-582-6156;+1-278-314-2488
178,Daniel,Jones,daniel.jones178@sample.com,2020-11-08,9215,+1-597-509-5420
179,John,Williams,john.williams179@sample.com,2015-12-17,9951,+1-782-623-4933;+1-736-844-4605;+1-356-724-4241
180,Linda,Smith,linda.smith180@test.com,2018-01-27,4408,+1-825-266-6873;+1-932-875-8906;+1-284-807-7014
181,Sara,Jones,sara.jones181@example.com,2019-07-17,3346,+1-523-919-3777;+1-867-870-4822;+1-659-221-3934
182,Daniel,Garcia,daniel.garcia182@sample.com,2024-11-05,8172,+1-267-306-2717;+1-244-221-5205
183,Daniel,Davis,daniel.davis183@sample.com,2024-09-22,8856,+1-703-456-7019;+1-935-373-1064;+1-518-251-5154
184,Linda,Johnson,linda.johnson184@example.com,2020-12-11,8920,+1-833-981-1919;+1-420-846-1456;+1-225-322-3581
185,Michael,Garcia,michael.garcia185@test.com,2023-06-25,4205,+1-225-292-7909;+1-245-917-9479
186,Michael,Garcia,michael.garcia186@test.com,2020-02-26,7882,+1-562-255-9849
187,David,Brown,david.brown187@company.com,2018-07-02,3660,+1-884-559-4145;+1-331-659-7516
188,David,Garcia,david.garcia188@company.com,2020-08-01,5286,+1-368-213-8489;+1-392-437-7463;+1-905-202-6851
189,John,Smith,john.smith189@example.com,2022-03-25,4710,+1-732-969-2806;+1-415-476-7752
190,Linda,Garcia,linda.garcia190@test.com,2017-09-16,8557,+1-643-313-9555;+1-375-375-5228;+1-239-318-8318
191,Daniel,Smith,daniel.smith191@sample.com,2019-01-31,8355,+1-985-423-7376;+1-224-685-7896;+1-228-451-1107
192,Sophia,Miller,sophia.miller192@company.com,2022-09-17,4829,+1-710-574-4619;+1-371-633-4736;+1-210-361-8507
193,Emily,Davis,emily.davis193@sample.com,2018-03-05,9790,+1-812-771-5751;+1-592-804-5424;+1-607-226-9984
194,Emily,Jones,emily.jones194@company.com,2020-05-22,8681,+1-786-908-1035;+1-286-236-3036;+1-338-691-5483
195,David,Williams,david.williams195@example.com,2017-06-17,4423,+1-419-626-6414;+1-388-309-4227;+1-415-748-6015
196,Emily,Miller,emily.miller196@company.com,2022-03-14,5996,+1-501-279-2593;+1-780-889-3293;+1-207-266-1354
197,Emily,Johnson,emily.johnson197@test.com,2016-05-19,3600,+1-922-974-4454
198,Daniel,Miller,daniel.miller198@example.com,2018-07-04,9941,+1-790-620-8328;+1-223-915-6635
199,Sophia,Wilson,sophia.wilson199@company.com,2023-06-13,6333,+1-529-752-3496;+1-462-951-1058;+1-326-526-6770
200,John,Brown,john.brown200@company.com,2015-11-28,5389,+1-889-903-5543;+1-381-824-4937;+1-914-511-8582
201,Daniel,Davis,daniel.davis201@company.com,2015-05-07,9472,+1-875-739-7465
202,John,Smith,john.smith202@test.com,2016-07-08,7065,+1-251-422-7366;+1-599-849-1390
203,Daniel,Johnson,daniel.johnson203@test.com,2020-02-14,9201,+1-962-631-8817;+1-542-785-2951;+1-283-746-6389
204,Sophia,Williams,sophia.williams204@sample.com,2020-08-04,4722,+1-911-411-2108
205,Michael,Smith,michael.smith205@company.com,2024-01-10,4969,+1-554-512-3701
206,Sophia,Garcia,sophia.garcia206@sample.com,2020-09-03,9177,+1-212-695-1344;+1-295-943-3784;+1-586-611-3396
207,Jane,Rodriguez,jane.rodriguez207@company.com,2016-04-19,9282,+1-525-683-6656
208,Sophia,Brown,sophia.brown208@test.com,2023-12-11,6685,+1-693-499-5372;+1-569-535-7815;+1-437-320-3297
209,Emily,Wilson,emily.wilson209@test.com,2020-12-09,7275,+1-488-373-9650;+1-549-291-1959;+1-698-930-4525
210,Michael,Miller,michael.miller210@company.com,2018-05-05,7412,+1-662-959-2732
211,John,Smith,john.smith211@example.com,2017-12-27,7506,+1-976-434-8380;+1-347-304-4623;+1-356-747-7281
212,David,Miller,david.miller212@sample.com,2021-11-04,9628,+1-203-481-3967
213,John,Jones,john.jones213@test.com,2015-02-21,3692,+1-876-323-2393
214,Alex,Rodriguez,alex.rodriguez214@sample.com,2020-10-08,9284,+1-559-989-7978;+1-550-718-2665
215,Jane,Jones,jane.jones215@test.com,2023-03-15,6870,+1-383-541-8748
216,Sara,Smith,sara.smith216@sample.com,2016-10-27,8188,+1-649-334-2153;+1-308-821-2062;+1-997-785-6927
217,Emily,Smith,emily.smith217@sample.com,2016-02-27,9866,+1-861-505-1023;+1-624-555-8427
218,Linda,Garcia,linda.garcia218@test.com,2024-03-01,4949,+1-786-424-9237;+1-291-851-7134;+1-524-972-4719
219,Daniel,Williams,daniel.williams219@test.com,2019-02-16,3226,+1-319-702-5889;+1-858-314-2138
220,Emily,Wilson,emily.wilson220@example.com,2020-05-17,4971,+1-629-495-6137;+1-754-594-2927
221,David,Wilson,david.wilson221@company.com,2023-01-28,9930,+1-559-997-7795
222,Michael,Johnson,michael.johnson222@example.com,2018-03-15,3614,+1-552-474-3885;+1-570-742-1550
223,Emily,Garcia,emily.garcia223@test.com,2018-12-30,7062,+1-748-247-3100;+1-917-946-3624;+1-309-892-9714
224,John,Wilson,john.wilson224@example.com,2019-05-27,6643,+1-362-781-4022;+1-413-581-9339;+1-894-940-9940
225,Jane,Jones,jane.jones225@sample.com,2017-02-07,5131,+1-779-949-3938;+1-822-275-6754;+1-428-249-1012
226,Daniel,Johnson,daniel.johnson226@company.com,2019-01-11,3177,+1-419-467-8683;+1-498-895-4015;+1-996-650-9436
227,Sara,Brown,sara.brown227@company.com,2019-06-22,6510,+1-517-559-6306
228,Alex,Brown,alex.brown228@example.com,2015-11-06,9230,+1-430-269-4887;+1-327-212-6153
229,Jane,Smith,jane.smith229@test.com,2020-02-27,8307,+1-928-417-3179;+1-971-933-4464;+1-990-841-4369
230,Daniel,Jones,daniel.jones230@sample.com,2023-12-02,6400,+1-384-738-7485
231,Sophia,Williams,sophia.williams231@test.com,2017-05-17,6101,+1-565-228-6065
232,Sophia,Rodriguez,sophia.rodriguez232@example.com,2019-01-19,9248,+1-708-452-8248;+1-325-907-1003;+1-964-245-9756
233,Linda,Smith,linda.smith233@test.com,2023-04-24,6903,+1-816-291-6274;+1-355-612-4978;+1-378-503-4277
234,David,Brown,david.brown234@test.com,2024-11-25,5321,+1-838-230-6702
235,Michael,Wilson,michael.wilson235@sample.com,2022-02-07,8377,+1-540-641-3049;+1-450-483-8190
236,Michael,Brown,michael.brown236@example.com,2022-04-07,5768,+1-857-395-3581;+1-229-583-7539;+1-781-859-3425
237,John,Smith,john.smith237@company.com,2020-09-07,4878,+1-367-977-5421
238,David,Jones,david.jones238@example.com,2015-05-14,7854,+1-499-516-7953;+1-217-588-7021;+1-509-304-7017
239,Sara,Johnson,sara.johnson239@sample.com,2017-11-06,9549,+1-498-517-8136;+1-568-834-9689;+1-300-924-3150
240,John,Jones,john.jones240@sample.com,2016-04-21,3447,+1-704-227-6240
241,Emily,Garcia,emily.garcia241@example.com,2015-08-23,5290,+1-258-511-4965;+1-293-277-8693
242,Sara,Smith,sara.smith242@example.com,2022-03-20,5587,+1-443-775-4811;+1-424-947-8737
243,Alex,Johnson,alex.johnson243@example.com,2018-08-01,4552,+1-903-747-2737
244,John,Williams,john.williams244@test.com,2015-02-03,6028,+1-705-997-1190;+1-357-537-2929;+1-468-401-5525
245,Jane,Brown,jane.brown245@company.com,2016-05-25,4519,+1-226-789-1751;+1-517-308-4689
246,Daniel,Johnson,daniel.johnson246@sample.com,2024-02-08,3024,+1-268-358-6425;+1-925-468-5189
247,Alex,Williams,alex.williams247@example.com,2018-08-29,7960,+1-402-777-6799;+1-387-829-9964
248,Linda,Miller,linda.miller248@example.com,2018-09-23,6830,+1-348-495-2830
249,Alex,Rodriguez,alex.rodriguez249@test.com,2021-05-13,9052,+1-406-409-4021
250,Jane,Smith,jane.smith250@sample.com,2023-10-29,7377,+1-280-224-2861;+1-929-885-6438
251,Sophia,Smith,sophia.smith251@sample.com,2023-05-18,4699,+1-953-418-7394;+1-291-826-5201
252,Sara,Smith,sara.smith252@test.com,2023-02-28,5486,+1-488-242-2647;+1-834-468-4171
253,Sara,Rodriguez,sara.rodriguez253@test.com,2023-06-13,5425,+1-331-286-3864;+1-672-681-7505;+1-332-677-7001
254,John,Johnson,john.johnson254@company.com,2020-08-07,6632,+1-302-344-5150
255,Sara,Garcia,sara.garcia255@company.com,2020-07-12,8062,+1-256-412-3319;+1-661-889-3678
256,David,Jones,david.jones256@company.com,2017-11-28,4642,+1-306-699-2770;+1-783-582-5520;+1-981-816-3053
257,John,Williams,john.williams257@test.com,2022-01-21,7484,+1-706-493-3269
258,Sophia,Jones,sophia.jones258@company.com,2019-04-30,3779,+1-394-414-8167;+1-571-218-7260
259,Alex,Wilson,alex.wilson259@sample.com,2024-07-29,9976,+1-975-486-1831
260,Michael,Miller,michael.miller260@example.com,2019-12-06,3394,+1-601-649-7535
261,Alex,Smith,alex.smith261@test.com,2021-08-09,4766,+1-671-545-1541
262,David,Johnson,david.johnson262@company.com,2015-09-24,5531,+1-879-293-4780;+1-970-855-4579
263,David,Garcia,david.garcia263@test.com,2020-05-23,9429,+1-941-450-2651;+1-566-232-6327
264,Linda,Smith,linda.smith264@test.com,2023-09-27,6384,+1-978-215-9615
265,John,Davis,john.davis265@sample.com,2024-12-19,6178,+1-632-935-2146;+1-253-733-1635;+1-444-820-4644
266,David,Williams,david.williams266@example.com,2016-05-02,3943,+1-506-729-9232;+1-402-392-3700;+1-354-273-8016
267,John,Jones,john.jones267@example.com,2019-01-02,9198,+1-319-965-6363;+1-409-638-8072
268,Daniel,Brown,daniel.brown268@test.com,2019-11-12,5898,+1-444-729-9152
269,Sophia,Smith,sophia.smith269@sample.com,2015-02-18,3329,+1-553-329-2557
270,David,Brown,david.brown270@example.com,2015-07-13,9923,+1-883-781-1130;+1-770-549-3829;+1-238-498-9494
271,Sophia,Williams,sophia.williams271@test.com,2018-09-29,7887,+1-332-338-1908;+1-727-861-1551;+1-357-895-2894
272,Linda,Davis,linda.davis272@example.com,2024-03-01,4443,+1-798-931-8780;+1-787-434-1297
273,John,Smith,john.smith273@company.com,2015-06-21,3665,+1-547-907-6050;+1-748-454-7543;+1-203-580-8140
274,Sophia,Garcia,sophia.garcia274@example.com,2017-04-17,5400,+1-311-859-2691
275,Daniel,Jones,daniel.jones275@company.com,2015-06-06,5106,+1-601-425-4599;+1-879-845-9953
276,Alex,Davis,alex.davis276@company.com,2021-05-16,9462,+1-296-815-4035;+1-523-889-5246;+1-790-358-6607
277,Sara,Smith,sara.smith277@example.com,2024-09-28,9168,+1-729-590-7593;+1-207-567-5270;+1-409-604-1051
278,Daniel,Garcia,daniel.garcia278@example.com,2017-06-06,6470,+1-612-572-5228;+1-522-724-9824
279,David,Williams,david.williams279@example.com,2023-11-16,9006,+1-618-225-3687
280,Daniel,Brown,daniel.brown280@example.com,2016-03-15,4113,+1-415-385-2338
281,Michael,Jones,michael.jones281@example.com,2020-07-24,7691,+1-952-969-3024;+1-616-521-4414;+1-527-969-3735
282,Michael,Williams,michael.williams282@test.com,2019-03-13,6249,+1-657-299-7611;+1-441-596-9326
283,Jane,Davis,jane.davis283@company.com,2021-09-27,6073,+1-299-347-3248
284,Daniel,Brown,daniel.brown284@test.com,2017-09-28,8707,+1-624-515-3260;+1-908-850-2148;+1-434-580-1828
285,Sara,Garcia,sara.garcia285@example.com,2019-12-02,9980,+1-980-225-6866;+1-926-457-8273
286,Sara,Williams,sara.williams286@company.com,2021-11-28,9306,+1-833-633-6713;+1-548-754-2973;+1-423-895-3413
287,Emily,Johnson,emily.johnson287@company.com,2024-03-31,9491,+1-650-511-6984;+1-572-759-2383
288,Emily,Johnson,emily.johnson288@sample.com,2018-06-22,3651,+1-548-925-8894;+1-327-581-4353;+1-721-775-1227
289,Sara,Jones,sara.jones289@test.com,2023-08-05,9743,+1-447-328-1434
290,David,Williams,david.williams290@sample.com,2020-02-21,7146,+1-440-558-7823;+1-412-317-6754;+1-646-257-3337
291,Sophia,Davis,sophia.davis291@sample.com,2020-09-18,4418,+1-661-804-7121;+1-903-732-6495;+1-606-421-8316
292,Emily,Smith,emily.smith292@example.com,2016-11-12,6496,+1-218-782-3573
293,David,Jones,david.jones293@sample.com,2018-04-10,8564,+1-783-993-9951;+1-905-835-9012;+1-248-813-6616
294,David,Davis,david.davis294@company.com,2018-04-29,3501,+1-230-259-6389;+1-964-816-3372
295,Alex,Brown,alex.brown295@sample.com,2020-09-19,4279,+1-990-590-4536
296,Jane,Brown,jane.brown296@test.com,2021-01-09,6026,+1-466-752-9839
297,Michael,Brown,michael.brown297@company.com,2024-06-30,3590,+1-466-325-6514;+1-397-890-5393;+1-929-656-3545
298,Sara,Garcia,sara.garcia298@company.com,2019-11-29,8968,+1-345-622-8283;+1-539-450-8838;+1-880-577-6034
299,Linda,Smith,linda.smith299@example.com,2024-06-04,5508,+1-873-501-1193;+1-792-824-7363;+1-320-341-3745
300,Sara,Miller,sara.miller300@test.com,2022-08-27,9106,+1-448-328-7476
301,Sophia,Brown,sophia.brown301@company.com,2019-06-11,5272,+1-618-800-9758;+1-909-625-7333
302,Linda,Johnson,linda.johnson302@company.com,2020-07-13,9392,+1-643-896-8600
303,Alex,Smith,alex.smith303@test.com,2018-12-12,9049,+1-249-233-7783
304,Michael,Wilson,michael.wilson304@example.com,2019-10-12,9271,+1-666-910-5071;+1-403-546-5271
305,John,Jones,john.jones305@example.com,2020-04-12,5868,+1-258-238-6636
306,Linda,Brown,linda.brown306@test.com,2018-04-28,6106,+1-351-817-1478;+1-574-842-6155;+1-455-394-6324
307,Alex,Jones,alex.jones307@sample.com,2017-04-19,5341,+1-644-669-3650
308,John,Williams,john.williams308@example.com,2020-04-28,9228,+1-423-833-2648;+1-578-298-6862
309,Emily,Garcia,emily.garcia309@company.com,2019-11-17,4699,+1-736-844-4753;+1-298-398-5078
310,David,Wilson,david.wilson310@test.com,2016-02-22,9932,+1-901-311-2691;+1-727-969-9227;+1-268-781-3335
311,David,Rodriguez,david.rodriguez311@sample.com,2015-06-23,8698,+1-863-771-9911;+1-988-474-4342
312,Daniel,Johnson,daniel.johnson312@company.com,2024-02-21,7484,+1-403-270-9090
313,John,Miller,john.miller313@sample.com,2017-04-22,9969,+1-705-779-8783
314,Emily,Miller,emily.miller314@example.com,2024-03-13,3379,+1-216-209-9923
315,Linda,Brown,linda.brown315@test.com,2018-12-12,5003,+1-622-372-3191;+1-576-236-7598;+1-209-656-7666
316,Emily,Williams,emily.williams316@sample.com,2021-09-01,5302,+1-867-885-3012
317,Michael,Jones,michael.jones317@company.com,2020-09-11,6430,+1-581-902-9169;+1-822-248-8960;+1-953-884-6548
318,Linda,Miller,linda.miller318@test.com,2023-10-16,5122,+1-286-358-8315;+1-447-278-7179
319,Daniel,Rodriguez,daniel.rodriguez319@company.com,2019-04-02,9629,+1-602-614-1293;+1-755-427-3635
320,Sara,Johnson,sara.johnson320@example.com,2022-05-23,5586,+1-820-987-1806;+1-372-643-4174
321,Jane,Miller,jane.miller321@company.com,2019-01-30,6619,+1-392-313-4546;+1-527-776-2438;+1-871-727-5643
322,Alex,Miller,alex.miller322@test.com,2019-05-15,9863,+1-260-860-5235
323,Linda,Smith,linda.smith323@sample.com,2020-12-16,9034,+1-652-504-6637;+1-523-836-9956;+1-677-220-9347
324,Alex,Jones,alex.jones324@example.com,2018-11-01,9620,+1-988-529-8467;+1-291-384-3477
325,Emily,Smith,emily.smith325@sample.com,2018-08-17,3421,+1-226-688-5631;+1-495-820-9881
326,Linda,Davis,linda.davis326@test.com,2018-03-18,7617,+1-329-880-7631;+1-573-869-9339;+1-623-973-1486
327,John,Johnson,john.johnson327@example.com,2017-09-06,7789,+1-424-326-2316;+1-828-515-1459
328,Sara,Brown,sara.brown328@test.com,2016-08-02,5866,+1-753-592-6480
329,Jane,Smith,jane.smith329@test.com,2022-05-08,3410,+1-415-244-6862;+1-475-807-1577;+1-717-478-9744
330,David,Miller,david.miller330@sample.com,2021-08-30,4703,+1-668-738-2341
331,Linda,Smith,linda.smith331@sample.com,2015-08-29,5224,+1-492-483-5387;+1-916-807-5248;+1-481-584-9223
332,Sara,Jones,sara.jones332@sample.com,2017-04-01,8383,+1-626-599-8788
333,Jane,Garcia,jane.garcia333@company.com,2019-01-19,6407,+1-965-536-7231;+1-831-309-1342;+1-726-215-8586
334,Sophia,Miller,sophia.miller334@test.com,2020-12-12,7187,+1-222-507-5566
335,Sara,Garcia,sara.garcia335@example.com,2017-12-22,5212,+1-292-980-8472;+1-634-560-8030;+1-927-539-4324
336,Alex,Wilson,alex.wilson336@example.com,2017-01-12,3279,+1-564-746-5577;+1-687-893-8880;+1-738-644-5784
337,Sophia,Davis,sophia.davis337@sample.com,2021-12-27,4513,+1-670-677-3910;+1-559-565-8519;+1-474-315-3584
338,Jane,Miller,jane.miller338@sample.com,2019-12-18,7687,+1-742-891-3702
339,Alex,Johnson,alex.johnson339@test.com,2015-03-19,6049,+1-900-207-1479;+1-282-301-5756;+1-944-453-7458
340,Emily,Brown,emily.brown340@example.com,2016-03-23,7905,+1-426-898-3686;+1-789-965-2866;+1-435-822-3160
341,Jane,Davis,jane.davis341@sample.com,2016-11-04,9770,+1-297-488-6043;+1-692-320-3768
342,Emily,Miller,emily.miller342@example.com,2018-12-01,7183,+1-735-885-6215;+1-869-437-3011;+1-645-873-1504
343,David,Wilson,david.wilson343@company.com,2016-05-03,8527,+1-683-218-2537;+1-362-473-4873
344,David,Jones,david.jones344@test.com,2018-04-19,4690,+1-631-875-2369;+1-641-318-2737;+1-244-823-5529
345,Emily,Garcia,emily.garcia345@example.com,2018-01-06,7465,+1-607-602-3448;+1-960-277-9845;+1-448-905-1389
346,Sara,Miller,sara.miller346@company.com,2022-11-22,3979,+1-997-489-1850
347,Alex,Brown,alex.brown347@example.com,2017-03-11,4928,+1-450-666-7644;+1-307-630-9068;+1-723-453-4676
348,John,Williams,john.williams348@example.com,2020-06-24,4405,+1-234-986-5120;+1-212-311-8960
349,Emily,Wilson,emily.wilson349@company.com,2023-01-25,5400,+1-998-248-1616;+1-222-357-4467
350,John,Garcia,john.garcia350@company.com,2024-05-28,6563,+1-654-509-6572;+1-591-825-2496
351,Michael,Davis,michael.davis351@test.com,2018-04-24,9189,+1-715-266-4716;+1-496-862-8781;+1-714-461-4790
352,Michael,Smith,michael.smith352@sample.com,2022-08-27,4528,+1-274-800-2242
353,Emily,Rodriguez,emily.rodriguez353@example.com,2021-07-08,5847,+1-841-204-4556;+1-974-903-9296;+1-660-476-7952
354,Jane,Miller,jane.miller354@company.com,2018-09-02,5582,+1-365-861-2901
355,Sophia,Williams,sophia.williams355@test.com,2024-03-24,7530,+1-458-951-3074
356,Daniel,Miller,daniel.miller356@sample.com,2016-11-08,5249,+1-256-533-3901;+1-593-974-1838
357,Emily,Garcia,emily.garcia357@sample.com,2024-04-26,7236,+1-321-874-9859;+1-767-956-4927
358,David,Smith,david.smith358@example.com,2019-06-22,7445,+1-506-360-5627;+1-937-479-1422;+1-448-304-6508
359,Sophia,Davis,sophia.davis359@sample.com,2018-11-09,3779,+1-337-419-5225
360,Linda,Miller,linda.miller360@example.com,2022-12-05,4549,+1-672-844-6361;+1-579-920-1714
361,Daniel,Miller,daniel.miller361@sample.com,2015-07-06,5672,+1-692-590-4402;+1-799-735-4226
362,John,Rodriguez,john.rodriguez362@sample.com,2019-12-14,9486,+1-939-315-4340
363,John,Garcia,john.garcia363@example.com,2019-05-09,9211,+1-459-284-7285
364,Linda,Jones,linda.jones364@company.com,2021-10-21,9417,+1-447-323-2628;+1-705-627-8366;+1-573-334-4997
365,Daniel,Smith,daniel.smith365@test.com,2017-03-19,4054,+1-844-718-2304;+1-365-488-7941
366,Michael,Brown,michael.brown366@test.com,2015-09-03,6557,+1-717-505-5828;+1-256-882-3782;+1-719-472-4668
367,Alex,Miller,alex.miller367@sample.com,2020-06-06,9600,+1-833-405-1396;+1-751-908-3168
368,Daniel,Smith,daniel.smith368@example.com,2015-03-24,4251,+1-658-425-3016;+1-201-255-1160;+1-947-409-7600
369,John,Wilson,john.wilson369@example.com,2022-07-24,4702,+1-764-709-6918
370,Linda,Williams,linda.williams370@example.com,2017-10-31,7289,+1-450-672-3396
371,Sara,Wilson,sara.wilson371@sample.com,2023-11-30,6346,+1-279-936-5307;+1-541-621-8053;+1-384-779-9532
372,Alex,Rodriguez,alex.rodriguez372@test.com,2019-02-20,7815,+1-841-343-7804;+1-468-713-4365
373,Sara,Wilson,sara.wilson373@test.com,2015-12-13,6554,+1-516-822-3526
374,Alex,Johnson,alex.johnson374@company.com,2024-07-20,4711,+1-673-577-4196
375,Jane,Garcia,jane.garcia375@sample.com,2019-11-17,8554,+1-858-284-2800
376,Linda,Smith,linda.smith376@test.com,2022-05-06,3607,+1-769-927-2064
377,Michael,Wilson,michael.wilson377@test.com,2023-06-20,9353,+1-854-936-8334;+1-546-580-7853
378,Daniel,Davis,daniel.davis378@example.com,2024-03-31,5495,+1-708-774-7625;+1-889-451-5611;+1-938-533-8118
379,Daniel,Smith,daniel.smith379@company.com,2016-05-31,8872,+1-408-966-4616
380,Daniel,Rodriguez,daniel.rodriguez380@example.com,2016-06-25,4759,+1-431-986-9005;+1-916-877-1707
381,David,Rodriguez,david.rodriguez381@company.com,2016-04-03,4999,+1-876-439-2288
382,Michael,Brown,michael.brown382@example.com,2016-09-06,8088,+1-856-794-8224
383,Sara,Johnson,sara.johnson383@example.com,2018-08-24,6513,+1-204-915-3777
384,Linda,Brown,linda.brown384@test.com,2015-11-22,6701,+1-528-909-8044
385,David,Davis,david.davis385@company.com,2020-10-14,6767,+1-201-349-1274;+1-772-200-2849
386,Sara,Miller,sara.miller386@test.com,2019-11-15,7993,+1-863-986-2616
387,Linda,Garcia,linda.garcia387@sample.com,2016-12-04,4865,+1-970-798-7305;+1-497-888-8634;+1-979-814-1621
388,John,Wilson,john.wilson388@sample.com,2022-07-17,4662,+1-570-661-8366
389,David,Wilson,david.wilson389@test.com,2016-04-30,8871,+1-432-265-3822;+1-362-324-4850
390,Daniel,Garcia,daniel.garcia390@sample.com,2019-10-27,8230,+1-532-987-9826;+1-475-744-5976;+1-997-863-8082
391,Jane,Williams,jane.williams391@example.com,2016-10-01,7338,+1-682-401-6923
392,Daniel,Rodriguez,daniel.rodriguez392@test.com,2016-04-25,4159,+1-588-928-6547
393,David,Johnson,david.johnson393@sample.com,2021-05-13,8243,+1-549-700-1886;+1-649-543-9899
394,Emily,Williams,emily.williams394@sample.com,2024-11-17,5317,+1-787-963-1124
395,Alex,Miller,alex.miller395@sample.com,2016-04-21,7688,+1-779-755-9184;+1-309-279-5826
396,Daniel,Brown,daniel.brown396@test.com,2015-10-13,4160,+1-465-778-8502
397,Daniel,Williams,daniel.williams397@example.com,2019-09-25,8899,+1-760-699-1673;+1-459-352-4458
398,Michael,Garcia,michael.garcia398@company.com,2024-02-01,9076,+1-256-358-7261
399,Sara,Garcia,sara.garcia399@test.com,2020-04-21,6828,+1-483-264-2933
400,Daniel,Wilson,daniel.wilson400@example.com,2023-06-16,3235,+1-561-457-9650;+1-665-986-5507
401,Daniel,Davis,daniel.davis401@sample.com,2019-10-11,7982,+1-755-558-2537;+1-892-865-8068;+1-427-606-8307
402,John,Davis,john.davis402@test.com,2022-03-10,6795,+1-530-657-6062;+1-855-561-5991;+1-889-497-2393
403,John,Miller,john.miller403@sample.com,2016-02-20,4554,+1-265-729-5898
404,Linda,Brown,linda.brown404@company.com,2023-06-22,5764,+1-746-619-1510;+1-588-404-4681
405,Emily,Williams,emily.williams405@company.com,2019-11-13,4086,+1-684-884-6447;+1-393-860-5080;+1-424-592-2070
406,Sara,Davis,sara.davis406@example.com,2015-03-14,6345,+1-268-863-9837;+1-327-991-9758;+1-381-343-6147
407,Michael,Davis,michael.davis407@test.com,2022-01-02,3505,+1-392-795-6115;+1-487-294-4905;+1-374-614-3712
408,Sara,Williams,sara.williams408@test.com,2022-06-15,4606,+1-911-973-1403
409,Jane,Miller,jane.miller409@sample.com,2020-07-18,5378,+1-390-897-5885;+1-313-610-5911
410,Michael,Miller,michael.miller410@company.com,2022-12-26,9814,+1-814-658-7916
411,John,Miller,john.miller411@sample.com,2017-06-25,8931,+1-574-830-3136
412,Linda,Smith,linda.smith412@test.com,2017-12-29,5519,+1-786-914-8626;+1-363-801-9042
413,John,Wilson,john.wilson413@company.com,2022-07-14,3183,+1-949-779-2001
414,David,Johnson,david.johnson414@example.com,2015-06-04,8337,+1-845-503-3885;+1-786-370-1866
415,Linda,Johnson,linda.johnson415@sample.com,2021-02-02,5291,+1-636-877-9237;+1-660-441-2387;+1-496-654-7325
416,Alex,Garcia,alex.garcia416@company.com,2024-08-13,3710,+1-350-369-3900
417,David,Smith,david.smith417@test.com,2023-09-14,9803,+1-237-254-8920
418,Jane,Smith,jane.smith418@sample.com,2018-12-04,9373,+1-363-629-3971;+1-203-323-1129
419,David,Miller,david.miller419@example.com,2019-02-01,3927,+1-985-925-8165;+1-574-310-2721;+1-607-600-7458
420,Linda,Miller,linda.miller420@example.com,2016-09-08,4929,+1-573-795-4941;+1-229-929-4843;+1-604-202-1829
421,Michael,Wilson,michael.wilson421@company.com,2021-11-15,4761,+1-527-623-4059
422,John,Jones,john.jones422@sample.com,2023-01-19,7130,+1-415-662-9307;+1-458-247-8224;+1-448-827-7457
423,John,Wilson,john.wilson423@company.com,2017-04-08,9885,+1-806-805-2855
424,Emily,Rodriguez,emily.rodriguez424@example.com,2024-01-16,9764,+1-912-876-3027;+1-564-585-4755;+1-828-601-1487
425,Alex,Miller,alex.miller425@company.com,2017-01-01,6320,+1-678-399-5509
426,Alex,Wilson,alex.wilson426@example.com,2016-02-20,4002,+1-731-319-4188;+1-418-231-5324
427,Linda,Miller,linda.miller427@test.com,2022-03-13,8795,+1-272-256-4799;+1-693-372-4024
428,Michael,Smith,michael.smith428@test.com,2020-08-19,8908,+1-655-964-9970;+1-860-477-4828
429,David,Garcia,david.garcia429@example.com,2023-02-16,6155,+1-216-614-4584;+1-687-790-1011
430,David,Rodriguez,david.rodriguez430@test.com,2018-09-12,8776,+1-789-246-6225
431,Emily,Garcia,emily.garcia431@example.com,2019-06-18,3915,+1-498-720-9545;+1-773-357-4971
432,Michael,Davis,michael.davis432@test.com,2016-07-29,5353,+1-417-220-6522;+1-666-587-4627
433,Sara,Rodriguez,sara.rodriguez433@sample.com,2017-06-26,4319,+1-706-534-7042;+1-756-697-4356
434,Daniel,Garcia,daniel.garcia434@company.com,2023-11-06,6283,+1-766-250-7271;+1-431-524-2540;+1-315-617-2960
435,Alex,Smith,alex.smith435@sample.com,2018-09-01,5944,+1-279-540-6525;+1-272-946-1784;+1-893-299-2908
436,Daniel,Smith,daniel.smith436@sample.com,2023-07-12,5354,+1-950-253-9013;+1-608-396-8070;+1-671-833-9819
437,Sara,Rodriguez,sara.rodriguez437@example.com,2022-06-25,6651,+1-978-941-3160
438,Alex,Davis,alex.davis438@example.com,2019-12-17,3036,+1-500-478-5657
439,Sophia,Brown,sophia.brown439@sample.com,2019-02-13,6554,+1-751-850-4029;+1-769-884-2268
440,Jane,Brown,jane.brown440@test.com,2021-06-07,5513,+1-500-838-3333;+1-661-375-1550;+1-859-979-4323
441,David,Davis,david.davis441@test.com,2020-11-14,7244,+1-988-719-3894;+1-245-857-5401
442,David,Davis,david.davis442@test.com,2023-01-12,6304,+1-984-402-2106;+1-311-490-2049
443,Daniel,Jones,daniel.jones443@example.com,2021-09-17,4054,+1-627-453-8326;+1-427-644-3826
444,Daniel,Davis,daniel.davis444@test.com,2020-12-02,6432,+1-224-453-8478;+1-573-655-4687
445,Sophia,Jones,sophia.jones445@company.com,2015-11-29,7843,+1-965-396-4816;+1-748-484-8586;+1-969-733-7227
446,Alex,Brown,alex.brown446@company.com,2019-01-30,6343,+1-329-322-7140;+1-931-241-9317;+1-313-686-2383
447,Sophia,Smith,sophia.smith447@sample.com,2015-12-03,4883,+1-855-682-7066;+1-468-973-8331;+1-958-421-8407
448,John,Brown,john.brown448@company.com,2021-07-02,4458,+1-988-223-6669
449,Jane,Johnson,jane.johnson449@company.com,2021-03-02,3975,+1-859-694-5135;+1-273-711-9832
450,Sara,Jones,sara.jones450@company.com,2022-09-23,5824,+1-884-432-7289;+1-759-740-6306;+1-992-800-6332
451,Alex,Jones,alex.jones451@example.com,2015-04-17,7757,+1-825-261-9658;+1-481-895-5929
452,Sara,Williams,sara.williams452@company.com,2018-05-31,4935,+1-677-468-5280;+1-458-919-2405;+1-905-648-6225
453,Daniel,Brown,daniel.brown453@company.com,2015-05-17,9410,+1-827-383-2265;+1-899-960-8174;+1-341-379-7581
454,Alex,Smith,alex.smith454@example.com,2023-09-03,5908,+1-840-864-6738;+1-621-980-4806;+1-603-738-2066
455,David,Jones,david.jones455@test.com,2021-10-24,3812,+1-350-548-8097
456,Michael,Brown,michael.brown456@test.com,2022-01-27,4363,+1-465-558-7845
457,Sophia,Davis,sophia.davis457@example.com,2018-12-07,7367,+1-586-908-2478;+1-562-525-7089;+1-926-740-2653
458,Emily,Wilson,emily.wilson458@sample.com,2022-09-25,6833,+1-865-280-9500
459,John,Smith,john.smith459@test.com,2019-10-15,5990,+1-430-647-7910
460,Sara,Smith,sara.smith460@company.com,2016-04-10,4453,+1-683-897-2553;+1-498-270-3952;+1-614-722-1866
461,Michael,Rodriguez,michael.rodriguez461@sample.com,2017-02-16,6311,+1-559-223-3719
462,Alex,Williams,alex.williams462@company.com,2017-02-25,7921,+1-883-384-2245;+1-348-309-8556
463,Daniel,Garcia,daniel.garcia463@test.com,2020-02-18,3117,+1-270-713-5445;+1-344-210-8510;+1-477-480-5709
464,John,Johnson,john.johnson464@company.com,2024-12-21,8454,+1-544-466-8687;+1-350-592-9662
465,John,Jones,john.jones465@company.com,2024-11-24,6792,+1-344-756-5077;+1-715-347-6337;+1-856-342-4162
466,Emily,Jones,emily.jones466@test.com,2015-11-01,5495,+1-813-910-9992;+1-333-485-5645
467,Sara,Jones,sara.jones467@example.com,2018-05-18,9544,+1-910-792-5347;+1-612-346-6998;+1-609-814-1863
468,Sara,Miller,sara.miller468@test.com,2016-06-17,5094,+1-634-212-6430;+1-454-451-9131;+1-347-820-6608
469,Alex,Miller,alex.miller469@company.com,2015-12-03,7419,+1-864-484-3925
470,Jane,Williams,jane.williams470@sample.com,2020-03-21,9721,+1-551-426-2822
471,David,Miller,david.miller471@company.com,2023-11-21,6579,+1-374-449-1772
472,Michael,Garcia,michael.garcia472@example.com,2021-11-24,6412,+1-620-833-9628
473,Emily,Brown,emily.brown473@example.com,2018-02-20,7076,+1-609-539-6268;+1-323-796-6665
474,Michael,Miller,michael.miller474@sample.com,2022-12-29,5188,+1-271-995-9219;+1-400-923-7128
475,Sophia,Jones,sophia.jones475@example.com,2017-01-18,5228,+1-921-450-3780;+1-480-766-6171;+1-433-991-6151
476,Jane,Garcia,jane.garcia476@test.com,2015-06-11,9615,+1-559-762-5159;+1-961-783-9651
477,Emily,Garcia,emily.garcia477@sample.com,2024-03-28,9624,+1-319-537-4941
478,Emily,Williams,emily.williams478@test.com,2017-03-23,9968,+1-567-320-3421
479,Emily,Johnson,emily.johnson479@test.com,2024-02-10,5067,+1-835-983-6587;+1-527-612-7598;+1-933-368-6129
480,Alex,Smith,alex.smith480@test.com,2019-12-09,3472,+1-992-377-6970
481,Emily,Garcia,emily.garcia481@company.com,2017-07-27,6811,+1-464-844-6773;+1-532-837-7388;+1-606-345-1455
482,Jane,Brown,jane.brown482@test.com,2018-07-06,8322,+1-467-463-4140;+1-897-949-4289;+1-840-968-4299
483,Jane,Garcia,jane.garcia483@example.com,2016-01-14,3114,+1-588-716-4039
484,Linda,Brown,linda.brown484@company.com,2015-01-09,7341,+1-223-371-6871;+1-856-777-1876;+1-685-393-8276
485,Emily,Miller,emily.miller485@company.com,2024-05-03,4638,+1-281-611-5336;+1-948-691-4329;+1-368-639-2066
486,David,Williams,david.williams486@sample.com,2022-12-17,6267,+1-485-233-9388;+1-700-882-8590
487,David,Jones,david.jones487@company.com,2017-06-07,8055,+1-349-597-7884
488,David,Brown,david.brown488@example.com,2023-06-06,4052,+1-669-449-9928;+1-517-668-4965;+1-373-634-7968
489,John,Rodriguez,john.rodriguez489@sample.com,2021-11-06,4333,+1-933-440-2259;+1-634-678-3054;+1-620-733-5413
490,Sophia,Davis,sophia.davis490@test.com,2016-05-21,6421,+1-893-661-8214;+1-624-614-5784
491,Linda,Johnson,linda.johnson491@example.com,2022-06-17,9639,+1-290-857-3332;+1-737-834-9639
492,Alex,Rodriguez,alex.rodriguez492@company.com,2022-11-06,7787,+1-789-944-5374;+1-454-524-7845
493,Alex,Johnson,alex.johnson493@company.com,2021-01-05,5538,+1-839-313-8285
494,Linda,Brown,linda.brown494@example.com,2021-04-19,5643,+1-575-941-7393;+1-443-371-8747
495,Sophia,Johnson,sophia.johnson495@company.com,2015-01-09,8124,+1-319-603-4827;+1-699-773-1658
496,Daniel,Davis,daniel.davis496@example.com,2016-10-31,6482,+1-734-769-4688
497,Sophia,Johnson,sophia.johnson497@example.com,2017-11-17,5396,+1-887-844-9997;+1-450-604-5181
498,Daniel,Wilson,daniel.wilson498@test.com,2023-10-19,7464,+1-484-289-3902;+1-637-766-2745
499,Michael,Rodriguez,michael.rodriguez499@sample.com,2018-04-06,9984,+1-942-700-6183;+1-838-428-3362
500,Jane,Jones,jane.jones500@test.com,2015-04-18,3983,+1-821-865-9928;+1-508-492-9491
